Keyword,Client,Competitor 1,Competitor 2,Competitor 3,Competitor 4,Competitor 5,Competitor 6,Competitor 7,Competitor 8,Search Volume,Keyword Difficulty,CPC,Keyword Intents,Client URL,Competitor 1 URL,Competitor 2 URL,Competitor 3 URL,Competitor 4 URL,Competitor 5 URL,Competitor 6 URL,Competitor 7 URL,Competitor 8 URL
photo booth,11,6,58,14,99,99,99,99,99,4400,39,1.09,commercial,https://www.adeptphotobooths.com.au/,https://shutterphotobooth.com.au/,https://photoboothhiremelbourne.com.au/,https://lavishphotobooths.com.au/,,,,,
photobooth,53,2,27,55,99,99,99,99,99,3600,39,1.09,commercial,https://www.adeptphotobooths.com.au/,https://shutterphotobooth.com.au/,https://photoboothhiremelbourne.com.au/,https://lavishphotobooths.com.au/,,,,,
photo booth hire,35,1,6,11,13,99,99,99,99,1900,39,1.34,commercial,https://www.adeptphotobooths.com.au/mandurah/,https://shutterphotobooth.com.au/,https://photoboothhiremelbourne.com.au/,https://lavishphotobooths.com.au/,https://cheapestphotobooth.melbourne/,,,,
photobooth hire,43,1,3,21,38,99,99,99,99,1300,32,1.34,commercial,https://www.adeptphotobooths.com.au/mandurah/,https://shutterphotobooth.com.au/,https://photoboothhiremelbourne.com.au/,https://lavishphotobooths.com.au/,https://cheapestphotobooth.melbourne/,,,,
360 photo booth,7,99,99,70,99,99,99,99,99,1000,14,1.3,"commercial, informational",https://www.adeptphotobooths.com.au/360-photo-booth/,,,https://lavishphotobooths.com.au/magic-360-booth/,,,,,
photo booth hire melbourne,15,2,1,4,10,99,99,99,99,880,41,1.52,commercial,https://www.adeptphotobooths.com.au/roaming-photo-booth/,https://shutterphotobooth.com.au/,https://photoboothhiremelbourne.com.au/,https://lavishphotobooths.com.au/,https://cheapestphotobooth.melbourne/,,,,
photo booth melbourne,12,1,3,2,6,99,99,99,99,880,37,1.49,commercial,https://www.adeptphotobooths.com.au/roaming-photo-booth/,https://shutterphotobooth.com.au/,https://photoboothhiremelbourne.com.au/,https://lavishphotobooths.com.au/,https://cheapestphotobooth.melbourne/,,,,
photo booths,8,77,68,3,99,99,99,99,99,880,34,1.09,informational,https://www.adeptphotobooths.com.au/,https://shutterphotobooth.com.au/,https://photoboothhiremelbourne.com.au/,https://lavishphotobooths.com.au/,,,,,
face morph,9,99,99,99,99,99,99,99,99,590,30,0.48,transactional,https://www.adeptphotobooths.com.au/face-morphing/,,,,,,,,
glambot,9,99,99,99,99,99,99,99,99,590,24,3.44,transactional,https://www.adeptphotobooths.com.au/glambot/,,,,,,,,
photo booths melbourne,11,1,3,2,9,99,99,99,99,590,31,1.49,commercial,https://www.adeptphotobooths.com.au/roaming-photo-booth/,https://shutterphotobooth.com.au/,https://photoboothhiremelbourne.com.au/,https://lavishphotobooths.com.au/,https://cheapestphotobooth.melbourne/,,,,
photoboth,12,8,58,19,99,99,99,99,99,590,39,1.09,commercial,https://www.adeptphotobooths.com.au/roaming-photo-booth/,https://shutterphotobooth.com.au/,https://photoboothhiremelbourne.com.au/,https://lavishphotobooths.com.au/,,,,,
photo booth hire perth,9,99,99,99,99,99,99,99,99,480,34,0.85,commercial,https://www.adeptphotobooths.com.au/,,,,,,,,
photobooth hire melbourne,35,1,2,4,9,99,99,99,99,480,41,1.52,commercial,https://www.adeptphotobooths.com.au/melbourne/,https://shutterphotobooth.com.au/,https://photoboothhiremelbourne.com.au/,https://lavishphotobooths.com.au/,https://cheapestphotobooth.melbourne/,,,,
photobooth melbourne,13,1,2,3,4,99,99,99,99,480,37,1.49,commercial,https://www.adeptphotobooths.com.au/roaming-photo-booth/,https://shutterphotobooth.com.au/,https://photoboothhiremelbourne.com.au/,https://lavishphotobooths.com.au/,https://cheapestphotobooth.melbourne/,,,,
360 photobooth,6,99,99,99,99,99,99,99,99,390,15,1.3,commercial,https://www.adeptphotobooths.com.au/360-photo-booth/,,,,,,,,
photo booth perth,7,100,99,99,99,99,99,99,99,390,34,0.83,commercial,https://www.adeptphotobooths.com.au/,https://shutterphotobooth.com.au/,,,,,,,
360 camera booth,6,99,99,99,99,99,99,99,99,320,14,0.99,commercial,https://www.adeptphotobooths.com.au/360-photo-booth/,,,,,,,,
booth photo booth,8,9,87,46,99,99,99,99,99,320,30,0.95,informational,https://www.adeptphotobooths.com.au/,https://shutterphotobooth.com.au/,https://photoboothhiremelbourne.com.au/,https://lavishphotobooths.com.au/,,,,,
photo booth backdrop,16,9,73,10,99,99,99,99,99,320,5,1.05,commercial,https://www.adeptphotobooths.com.au/backdrops/,https://shutterphotobooth.com.au/photo-booth-backdrops/,https://photoboothhiremelbourne.com.au/,https://lavishphotobooths.com.au/additions/,,,,,
photo booth photo booth,8,13,31,27,67,99,99,99,99,320,25,1.09,informational,https://www.adeptphotobooths.com.au/,https://shutterphotobooth.com.au/,https://photoboothhiremelbourne.com.au/,https://lavishphotobooths.com.au/,https://cheapestphotobooth.melbourne/,,,,
hire photo booth,28,1,10,73,20,99,99,99,99,260,32,1.34,informational,https://www.adeptphotobooths.com.au/mandurah/,https://shutterphotobooth.com.au/,https://photoboothhiremelbourne.com.au/,https://lavishphotobooths.com.au/,https://cheapestphotobooth.melbourne/,,,,
melbourne photo booth,6,3,4,2,9,99,99,99,99,260,27,1.42,informational,https://www.adeptphotobooths.com.au/roaming-photo-booth/,https://shutterphotobooth.com.au/,https://photoboothhiremelbourne.com.au/,https://lavishphotobooths.com.au/,https://cheapestphotobooth.melbourne/,,,,
photoboot,15,7,63,14,99,99,99,99,99,260,40,1.09,commercial,https://www.adeptphotobooths.com.au/,https://shutterphotobooth.com.au/,https://photoboothhiremelbourne.com.au/,https://lavishphotobooths.com.au/,,,,,
adept photo booths,1,99,99,99,99,99,99,99,99,210,22,1.56,navigational,https://www.adeptphotobooths.com.au/,,,,,,,,
photo boo,8,99,99,99,99,99,99,99,99,210,48,0.95,informational,https://www.adeptphotobooths.com.au/,,,,,,,,
photo booth rental,21,1,2,15,7,99,99,99,99,210,37,1.28,informational,https://www.adeptphotobooths.com.au/roaming-photo-booth/,https://shutterphotobooth.com.au/,https://photoboothhiremelbourne.com.au/,https://lavishphotobooths.com.au/,https://cheapestphotobooth.melbourne/,,,,
photobooth perth,6,99,99,99,99,99,99,99,99,210,32,0.83,commercial,https://www.adeptphotobooths.com.au/,,,,,,,,
hire photo booths,32,1,10,8,18,99,99,99,99,170,38,1.34,commercial,https://www.adeptphotobooths.com.au/mandurah/,https://shutterphotobooth.com.au/,https://photoboothhiremelbourne.com.au/,https://lavishphotobooths.com.au/,https://cheapestphotobooth.melbourne/,,,,
phot booth,11,6,55,13,99,99,99,99,99,170,35,1.09,commercial,https://www.adeptphotobooths.com.au/roaming-photo-booth/,https://shutterphotobooth.com.au/,https://photoboothhiremelbourne.com.au/,https://lavishphotobooths.com.au/,,,,,
photo booth hire near me,22,13,1,74,5,99,99,99,99,170,8,1.46,transactional,https://www.adeptphotobooths.com.au/mandurah/,https://shutterphotobooth.com.au/,https://photoboothhiremelbourne.com.au/photo-booth-hire-cranbourne/,https://lavishphotobooths.com.au/,https://cheapestphotobooth.melbourne/,,,,
photobooth backdrops,10,4,88,32,99,99,99,99,99,170,3,1.05,informational,https://www.adeptphotobooths.com.au/backdrops/,https://shutterphotobooth.com.au/photo-booth-backdrops/,https://photoboothhiremelbourne.com.au/extras/,https://lavishphotobooths.com.au/additions/,,,,,
photobooths,9,34,79,2,99,99,99,99,99,170,42,1.27,informational,https://www.adeptphotobooths.com.au/,https://shutterphotobooth.com.au/,https://photoboothhiremelbourne.com.au/photo-booth-hire-cranbourne/,https://lavishphotobooths.com.au/,,,,,
360 photo,10,99,99,99,99,99,99,99,99,140,46,1.18,informational,https://www.adeptphotobooths.com.au/360-photo-booth/,,,,,,,,
360 photo booth for hire,1,35,56,76,99,99,99,99,99,140,12,1.2,informational,https://www.adeptphotobooths.com.au/360-photo-booth/,https://shutterphotobooth.com.au/,https://photoboothhiremelbourne.com.au/,https://lavishphotobooths.com.au/,,,,,
360 photo booth hire,2,61,77,65,99,99,99,99,99,140,17,1.62,informational,https://www.adeptphotobooths.com.au/360-photo-booth/,https://shutterphotobooth.com.au/,https://photoboothhiremelbourne.com.au/the-photo-booths/,https://lavishphotobooths.com.au/,,,,,
face morpher,9,99,99,99,99,99,99,99,99,140,32,0.5,commercial,https://www.adeptphotobooths.com.au/face-morphing/,,,,,,,,
hire photobooth,58,1,6,18,11,99,99,99,99,140,36,1.34,commercial,https://www.adeptphotobooths.com.au/geelong/,https://shutterphotobooth.com.au/,https://photoboothhiremelbourne.com.au/,https://lavishphotobooths.com.au/,https://cheapestphotobooth.melbourne/,,,,
photo boot,12,5,59,17,99,99,99,99,99,140,37,1.09,commercial,https://www.adeptphotobooths.com.au/roaming-photo-booth/,https://shutterphotobooth.com.au/,https://photoboothhiremelbourne.com.au/,https://lavishphotobooths.com.au/,,,,,
photo booth for hire,25,1,4,16,10,99,99,99,99,140,37,1.57,commercial,https://www.adeptphotobooths.com.au/mandurah/,https://shutterphotobooth.com.au/,https://photoboothhiremelbourne.com.au/,https://lavishphotobooths.com.au/,https://cheapestphotobooth.melbourne/,,,,
photo booth in melbourne,8,1,4,2,12,99,99,99,99,140,28,1.49,commercial,https://www.adeptphotobooths.com.au/roaming-photo-booth/,https://shutterphotobooth.com.au/,https://photoboothhiremelbourne.com.au/,https://lavishphotobooths.com.au/,https://cheapestphotobooth.melbourne/,,,,
photo booths for hire,28,1,3,15,14,99,99,99,99,140,37,1.57,informational,https://www.adeptphotobooths.com.au/mandurah/,https://shutterphotobooth.com.au/,https://photoboothhiremelbourne.com.au/,https://lavishphotobooths.com.au/,https://cheapestphotobooth.melbourne/,,,,
photobooth for hire,29,1,3,15,14,99,99,99,99,140,30,1.57,informational,https://www.adeptphotobooths.com.au/mandurah/,https://shutterphotobooth.com.au/,https://photoboothhiremelbourne.com.au/,https://lavishphotobooths.com.au/,https://cheapestphotobooth.melbourne/,,,,
wedding picture booth,72,19,43,7,99,99,99,99,99,140,28,1.11,"commercial, informational",https://www.adeptphotobooths.com.au/glam-booth/,https://shutterphotobooth.com.au/,https://photoboothhiremelbourne.com.au/,https://lavishphotobooths.com.au/,,,,,
360 camera hire,8,73,99,99,99,99,99,99,99,110,6,1.53,informational,https://www.adeptphotobooths.com.au/360-photo-booth/,https://shutterphotobooth.com.au/,,,,,,,
cost of a photobooth,75,61,96,99,3,99,99,99,99,110,11,0.81,"commercial, informational",https://www.adeptphotobooths.com.au/open-photo-booth/,https://shutterphotobooth.com.au/,https://photoboothhiremelbourne.com.au/photo-booth-hire-cranbourne/,,https://cheapestphotobooth.melbourne/,,,,
lavish photo booths,68,99,99,1,99,99,99,99,99,110,14,1.2,navigational,https://www.adeptphotobooths.com.au/,,,https://lavishphotobooths.com.au/,,,,,
open booth,75,56,66,10,99,99,99,99,99,110,17,1.13,navigational,https://www.adeptphotobooths.com.au/open-photo-booth/,https://shutterphotobooth.com.au/,https://photoboothhiremelbourne.com.au/,https://lavishphotobooths.com.au/open-booth/,,,,,
photo booth hire wedding,8,2,37,11,99,99,99,99,99,110,23,1.48,informational,https://www.adeptphotobooths.com.au/weddings/,https://shutterphotobooth.com.au/,https://photoboothhiremelbourne.com.au/wedding-photo-booth-hire/,https://lavishphotobooths.com.au/,,,,,
photo machine rental,42,3,4,8,15,99,99,99,99,110,34,1.07,informational,https://www.adeptphotobooths.com.au/,https://shutterphotobooth.com.au/,https://photoboothhiremelbourne.com.au/,https://lavishphotobooths.com.au/,https://cheapestphotobooth.melbourne/,,,,
photo+booth,16,7,62,15,99,99,99,99,99,110,39,1.09,commercial,https://www.adeptphotobooths.com.au/,https://shutterphotobooth.com.au/,https://photoboothhiremelbourne.com.au/,https://lavishphotobooths.com.au/,,,,,
photobooth backdrop,10,5,89,39,99,99,99,99,99,110,2,1.05,informational,https://www.adeptphotobooths.com.au/backdrops/,https://shutterphotobooth.com.au/photo-booth-backdrops/,https://photoboothhiremelbourne.com.au/,https://lavishphotobooths.com.au/additions/,,,,,
photobooth hire perth,10,99,99,99,99,99,99,99,99,110,33,0.85,commercial,https://www.adeptphotobooths.com.au/,,,,,,,,
picture booth rental,36,2,5,9,56,99,99,99,99,110,30,1.07,commercial,https://www.adeptphotobooths.com.au/,https://shutterphotobooth.com.au/,https://photoboothhiremelbourne.com.au/,https://lavishphotobooths.com.au/,https://cheapestphotobooth.melbourne/,,,,
vintage photo booth,8,99,99,32,99,99,99,99,99,110,3,0.91,informational,https://www.adeptphotobooths.com.au/vintage-photo-booth/,,,https://lavishphotobooths.com.au/retro-booth/,,,,,
wedding party photo booth,47,9,99,44,99,99,99,99,99,110,15,1.11,informational,https://www.adeptphotobooths.com.au/weddings/,https://shutterphotobooth.com.au/,,https://lavishphotobooths.com.au/,,,,,
wedding photo booth hire,30,2,44,27,99,99,99,99,99,110,28,1.48,informational,https://www.adeptphotobooths.com.au/glam-booth/,https://shutterphotobooth.com.au/,https://photoboothhiremelbourne.com.au/wedding-photo-booth-hire/,https://lavishphotobooths.com.au/,,,,,
360 degree photo booth,4,99,99,99,99,99,99,99,99,90,16,1.38,informational,https://www.adeptphotobooths.com.au/360-photo-booth/,,,,,,,,
adept hire,8,99,99,99,99,99,99,99,99,90,25,0.67,navigational,https://www.adeptphotobooths.com.au/melbourne/,,,,,,,,
cheap photo booth hire,99,58,39,41,1,99,99,99,99,90,25,1.47,commercial,,https://shutterphotobooth.com.au/,https://photoboothhiremelbourne.com.au/photo-booth-hire-yarra-valley/,https://lavishphotobooths.com.au/,https://cheapestphotobooth.melbourne/,,,,
corporate photo booth hire,2,11,13,35,99,99,99,99,99,90,4,0,informational,https://www.adeptphotobooths.com.au/corporate/,https://shutterphotobooth.com.au/,https://photoboothhiremelbourne.com.au/,https://lavishphotobooths.com.au/,,,,,
face morphing,6,99,99,99,99,99,99,99,99,90,29,0.48,commercial,https://www.adeptphotobooths.com.au/face-morphing/,,,,,,,,
hire a photo booth,43,2,10,11,9,99,99,99,99,90,36,1.02,commercial,https://www.adeptphotobooths.com.au/360-photo-booth/,https://shutterphotobooth.com.au/,https://photoboothhiremelbourne.com.au/,https://lavishphotobooths.com.au/,https://cheapestphotobooth.melbourne/,,,,
melbourne 360 booths,4,18,52,53,99,99,99,99,99,90,10,2.52,navigational,https://www.adeptphotobooths.com.au/360-photo-booth/,https://shutterphotobooth.com.au/,https://photoboothhiremelbourne.com.au/,https://lavishphotobooths.com.au/,,,,,
mobile photo booth hire,3,17,19,9,15,99,99,99,99,90,15,0,commercial,https://www.adeptphotobooths.com.au/roaming-photo-booth/,https://shutterphotobooth.com.au/,https://photoboothhiremelbourne.com.au/the-photo-booths/,https://lavishphotobooths.com.au/,https://cheapestphotobooth.melbourne/,,,,
party photo booth hire,72,1,7,61,21,99,99,99,99,90,34,0.98,informational,https://www.adeptphotobooths.com.au/mandurah/,https://shutterphotobooth.com.au/,https://photoboothhiremelbourne.com.au/,https://lavishphotobooths.com.au/,https://cheapestphotobooth.melbourne/,,,,
party photo booth rental,78,2,8,97,11,99,99,99,99,90,28,1.4,informational,https://www.adeptphotobooths.com.au/hobart-photo-booth-hire/,https://shutterphotobooth.com.au/,https://photoboothhiremelbourne.com.au/,https://lavishphotobooths.com.au/,https://cheapestphotobooth.melbourne/,,,,
perth photo booth,7,99,99,99,99,99,99,99,99,90,30,0.91,commercial,https://www.adeptphotobooths.com.au/,,,,,,,,
photo booth booth,13,3,26,29,99,99,99,99,99,90,30,0.95,informational,https://www.adeptphotobooths.com.au/roaming-photo-booth/,https://shutterphotobooth.com.au/,https://photoboothhiremelbourne.com.au/,https://lavishphotobooths.com.au/,,,,,
photo booth camera,9,34,21,50,99,99,99,99,99,90,10,0.69,informational,https://www.adeptphotobooths.com.au/360-photo-booth/,https://shutterphotobooth.com.au/,https://photoboothhiremelbourne.com.au/the-photo-booths/,https://lavishphotobooths.com.au/the-9-must-haves-when-selecting-the-right-photo-booth-to-avoid-any-regrets/,,,,,
photo booth hire cost,99,99,43,76,9,99,99,99,99,90,1,0.82,commercial,,,https://photoboothhiremelbourne.com.au/photo-booth-hire-cranbourne/,https://lavishphotobooths.com.au/,https://cheapestphotobooth.melbourne/,,,,
photo booth hire packages,30,7,14,62,80,99,99,99,99,90,6,1.04,informational,https://www.adeptphotobooths.com.au/packages/,https://shutterphotobooth.com.au/,https://photoboothhiremelbourne.com.au/,https://lavishphotobooths.com.au/,https://cheapestphotobooth.melbourne/,,,,
photo booth hire prices,92,18,99,99,6,99,99,99,99,90,1,0.82,commercial,https://www.adeptphotobooths.com.au/mandurah/,https://shutterphotobooth.com.au/,,,https://cheapestphotobooth.melbourne/,,,,
photo booth with background,10,6,99,47,99,99,99,99,99,90,3,1.16,commercial,https://www.adeptphotobooths.com.au/backdrops/,https://shutterphotobooth.com.au/photo-booth-backdrops/,,https://lavishphotobooths.com.au/additions/,,,,,
photobooths for hire,48,1,5,16,13,99,99,99,99,90,36,1.15,informational,https://www.adeptphotobooths.com.au/mandurah/,https://shutterphotobooth.com.au/,https://photoboothhiremelbourne.com.au/,https://lavishphotobooths.com.au/,https://cheapestphotobooth.melbourne/,,,,
wedding photo booths,14,11,47,5,99,99,99,99,99,90,25,1.11,commercial,https://www.adeptphotobooths.com.au/weddings/,https://shutterphotobooth.com.au/,https://photoboothhiremelbourne.com.au/wedding-photo-booth-hire/,https://lavishphotobooths.com.au/weddings/,,,,,
360 photo booth melbourne,2,17,46,40,99,99,99,99,99,70,11,1.98,informational,https://www.adeptphotobooths.com.au/360-photo-booth/,https://shutterphotobooth.com.au/,https://photoboothhiremelbourne.com.au/,https://lavishphotobooths.com.au/,,,,,
360 photo booths,4,79,99,68,99,99,99,99,99,70,19,1.09,informational,https://www.adeptphotobooths.com.au/360-photo-booth/,https://shutterphotobooth.com.au/,,https://lavishphotobooths.com.au/magic-360-booth/,,,,,
360 photobooth for hire,5,82,99,99,99,99,99,99,99,70,11,1.2,informational,https://www.adeptphotobooths.com.au/360-photo-booth/,https://shutterphotobooth.com.au/,,,,,,,
birthday photo booth hire,37,8,21,1,16,99,99,99,99,70,6,0.85,informational,https://www.adeptphotobooths.com.au/birthdays/,https://shutterphotobooth.com.au/,https://photoboothhiremelbourne.com.au/,https://lavishphotobooths.com.au/birthdays/,https://cheapestphotobooth.melbourne/,,,,
booth hire,36,3,19,58,99,99,99,99,99,70,33,1.27,informational,https://www.adeptphotobooths.com.au/mandurah/,https://shutterphotobooth.com.au/,https://photoboothhiremelbourne.com.au/,https://lavishphotobooths.com.au/,,,,,
cheap photo booth hire prices,86,15,34,67,1,99,99,99,99,70,5,0,transactional,https://www.adeptphotobooths.com.au/mandurah/,https://shutterphotobooth.com.au/,https://photoboothhiremelbourne.com.au/,https://lavishphotobooths.com.au/,https://cheapestphotobooth.melbourne/,,,,
cheap photo booth rental,99,21,26,55,1,99,99,99,99,70,29,1.08,informational,,https://shutterphotobooth.com.au/,https://photoboothhiremelbourne.com.au/,https://lavishphotobooths.com.au/,https://cheapestphotobooth.melbourne/,,,,
christmas photobooth,7,99,99,99,99,99,99,99,99,70,3,0,informational,https://www.adeptphotobooths.com.au/ways-to-lift-your-christmas-photo-booth-experience/,,,,,,,,
fun photo booth hire,85,4,3,22,12,99,99,99,99,70,32,0,informational,https://www.adeptphotobooths.com.au/geelong/,https://shutterphotobooth.com.au/,https://photoboothhiremelbourne.com.au/,https://lavishphotobooths.com.au/,https://cheapestphotobooth.melbourne/,,,,
glam bot,5,99,99,99,99,99,99,99,99,70,18,3.44,"informational, transactional",https://www.adeptphotobooths.com.au/glambot/,,,,,,,,
hire of photo booths for weddings,18,2,5,14,7,99,99,99,99,70,39,1.13,informational,https://www.adeptphotobooths.com.au/weddings/,https://shutterphotobooth.com.au/,https://photoboothhiremelbourne.com.au/,https://lavishphotobooths.com.au/,https://cheapestphotobooth.melbourne/,,,,
melbourne photobooth,13,1,2,3,8,99,99,99,99,70,29,1.3,informational,https://www.adeptphotobooths.com.au/roaming-photo-booth/,https://shutterphotobooth.com.au/,https://photoboothhiremelbourne.com.au/,https://lavishphotobooths.com.au/,https://cheapestphotobooth.melbourne/,,,,
morph face,8,99,99,99,99,99,99,99,99,70,25,0.48,transactional,https://www.adeptphotobooths.com.au/face-morphing/,,,,,,,,
online photobooth,9,99,80,99,99,99,99,99,99,70,37,0.93,informational,https://www.adeptphotobooths.com.au/virtual-photo-booth-hire/,,https://photoboothhiremelbourne.com.au/the-photo-booths/,,,,,,
party booth hire,27,2,9,11,99,99,99,99,99,70,28,0.52,commercial,https://www.adeptphotobooths.com.au/melbourne/,https://shutterphotobooth.com.au/,https://photoboothhiremelbourne.com.au/,https://lavishphotobooths.com.au/,,,,,
photo booth for hire near me,99,18,9,46,16,99,99,99,99,70,3,1.26,transactional,,https://shutterphotobooth.com.au/,https://photoboothhiremelbourne.com.au/photo-booth-hire-cranbourne/,https://lavishphotobooths.com.au/,https://cheapestphotobooth.melbourne/,,,,
photo booth hire for events,13,2,5,14,99,99,99,99,99,70,36,1.45,informational,https://www.adeptphotobooths.com.au/roaming-photo-booth/,https://shutterphotobooth.com.au/,https://photoboothhiremelbourne.com.au/,https://lavishphotobooths.com.au/,,,,,
photo booth hire melbourne cheap,91,9,4,19,3,99,99,99,99,70,31,1.16,commercial,https://www.adeptphotobooths.com.au/360-photo-booth/,https://shutterphotobooth.com.au/,https://photoboothhiremelbourne.com.au/,https://lavishphotobooths.com.au/,https://cheapestphotobooth.melbourne/,,,,
photo booth machine rental,99,1,17,5,8,99,99,99,99,70,11,0.87,informational,,https://shutterphotobooth.com.au/,https://photoboothhiremelbourne.com.au/,https://lavishphotobooths.com.au/,https://cheapestphotobooth.melbourne/,,,,
photo booth prices,38,99,99,16,3,99,99,99,99,70,3,0.84,commercial,https://www.adeptphotobooths.com.au/open-photo-booth/,https://shutterphotobooth.com.au/,,https://lavishphotobooths.com.au/packages/,https://cheapestphotobooth.melbourne/,,,,
photoboorh,15,4,61,11,99,99,99,99,99,70,37,1.09,commercial,https://www.adeptphotobooths.com.au/,https://shutterphotobooth.com.au/,https://photoboothhiremelbourne.com.au/,https://lavishphotobooths.com.au/,,,,,
photobooth hire near me,20,7,2,16,6,99,99,99,99,70,28,1.26,transactional,https://www.adeptphotobooths.com.au/dunsborough-margaret-river/,https://shutterphotobooth.com.au/,https://photoboothhiremelbourne.com.au/photo-booth-hire-cranbourne/,https://lavishphotobooths.com.au/,https://cheapestphotobooth.melbourne/,,,,
photobooth hite,71,2,14,7,18,99,99,99,99,70,38,1.34,commercial,https://www.adeptphotobooths.com.au/melbourne/,https://shutterphotobooth.com.au/,https://photoboothhiremelbourne.com.au/,https://lavishphotobooths.com.au/,https://cheapestphotobooth.melbourne/,,,,
photobooths melbourne,20,1,4,2,9,99,99,99,99,70,29,1.3,commercial,https://www.adeptphotobooths.com.au/roaming-photo-booth/,https://shutterphotobooth.com.au/,https://photoboothhiremelbourne.com.au/,https://lavishphotobooths.com.au/,https://cheapestphotobooth.melbourne/,,,,
portable photo booth hire,11,5,21,9,38,99,99,99,99,70,7,0.84,informational,https://www.adeptphotobooths.com.au/roaming-photo-booth/,https://shutterphotobooth.com.au/,https://photoboothhiremelbourne.com.au/the-photo-booths/,https://lavishphotobooths.com.au/,https://cheapestphotobooth.melbourne/,,,,
rent a photo booth,7,1,3,19,10,99,99,99,99,70,37,1.07,informational,https://www.adeptphotobooths.com.au/school-balls-graduations/,https://shutterphotobooth.com.au/,https://photoboothhiremelbourne.com.au/,https://lavishphotobooths.com.au/,https://cheapestphotobooth.melbourne/,,,,
selfie booth hire,35,1,4,19,99,99,99,99,99,70,34,0.96,commercial,https://www.adeptphotobooths.com.au/geelong/,https://shutterphotobooth.com.au/,https://photoboothhiremelbourne.com.au/,https://lavishphotobooths.com.au/,,,,,
small photo booth hire,39,4,17,21,3,99,99,99,99,70,32,0.93,commercial,https://www.adeptphotobooths.com.au/,https://shutterphotobooth.com.au/,https://photoboothhiremelbourne.com.au/the-photo-booths/,https://lavishphotobooths.com.au/,https://cheapestphotobooth.melbourne/,,,,
360 degree camera hire,6,72,99,99,99,99,99,99,99,50,16,1.32,informational,https://www.adeptphotobooths.com.au/360-photo-booth/,https://shutterphotobooth.com.au/,,,,,,,
360 photo booth hire melbourne,6,11,34,32,99,99,99,99,99,50,9,1.46,informational,https://www.adeptphotobooths.com.au/360-photo-booth/,https://shutterphotobooth.com.au/,https://photoboothhiremelbourne.com.au/,https://lavishphotobooths.com.au/,,,,,
adept photo booth,1,99,99,99,99,99,99,99,99,50,23,1.56,navigational,https://www.adeptphotobooths.com.au/,,,,,,,,
affordable photo booth hire,99,17,66,61,1,99,99,99,99,50,13,0.92,commercial,,https://shutterphotobooth.com.au/,https://photoboothhiremelbourne.com.au/photo-booth-hire-yarra-valley/,https://lavishphotobooths.com.au/,https://cheapestphotobooth.melbourne/,,,,
bphoto booth,12,4,57,17,99,99,99,99,99,50,36,1.09,commercial,https://www.adeptphotobooths.com.au/roaming-photo-booth/,https://shutterphotobooth.com.au/,https://photoboothhiremelbourne.com.au/,https://lavishphotobooths.com.au/,,,,,
cheap photo booth,99,40,99,68,1,99,99,99,99,50,3,1.08,commercial,,https://shutterphotobooth.com.au/,,https://lavishphotobooths.com.au/,https://cheapestphotobooth.melbourne/,,,,
gif photo booth,8,1,11,99,99,99,99,99,99,50,6,1.19,informational,https://www.adeptphotobooths.com.au/gif-booths/,https://shutterphotobooth.com.au/gif-photobooth/,https://photoboothhiremelbourne.com.au/the-photo-booths/,,,,,,
glambot camera,2,99,99,99,99,99,99,99,99,50,14,1.84,informational,https://www.adeptphotobooths.com.au/glambot/,,,,,,,,
hire a photo booth perth,9,99,99,99,99,99,99,99,99,50,32,0.94,commercial,https://www.adeptphotobooths.com.au/,,,,,,,,
melbourne cup party ideas,9,99,99,99,99,99,99,99,99,50,6,0,informational,https://www.adeptphotobooths.com.au/hosting-an-office-function-for-the-melbourne-cup/,,,,,,,,
melbourne photo booth hire,14,1,2,4,9,99,99,99,99,50,39,1.52,commercial,https://www.adeptphotobooths.com.au/roaming-photo-booth/,https://shutterphotobooth.com.au/,https://photoboothhiremelbourne.com.au/,https://lavishphotobooths.com.au/,https://cheapestphotobooth.melbourne/,,,,
mirror photo booth melbourne,9,99,60,65,58,99,99,99,99,50,12,1.12,informational,https://www.adeptphotobooths.com.au/mirror-booth/,,https://photoboothhiremelbourne.com.au/,https://lavishphotobooths.com.au/,https://cheapestphotobooth.melbourne/,,,,
morphing faces,10,99,99,99,99,99,99,99,99,50,28,0.5,"commercial, informational",https://www.adeptphotobooths.com.au/face-morphing/,,,,,,,,
online photo booth,7,99,99,99,99,99,99,99,99,50,38,1.09,informational,https://www.adeptphotobooths.com.au/virtual-photo-booth-hire/,,,,,,,,
perth photo booth hire,9,99,99,99,99,99,99,99,99,50,32,0.85,commercial,https://www.adeptphotobooths.com.au/,,,,,,,,
photo booth backdrops,15,6,83,25,99,99,99,99,99,50,1,1.05,commercial,https://www.adeptphotobooths.com.au/backdrops/,https://shutterphotobooth.com.au/photo-booth-backdrops/,https://photoboothhiremelbourne.com.au/extras/,https://lavishphotobooths.com.au/additions/,,,,,
photo booth background,6,99,99,99,99,99,99,99,99,50,6,1.16,informational,https://www.adeptphotobooths.com.au/backdrops/,,,,,,,,
photo booth hire geelong,1,99,7,99,99,99,99,99,99,50,3,1.37,commercial,https://www.adeptphotobooths.com.au/geelong/,,https://photoboothhiremelbourne.com.au/photo-booth-hire-geelong/,,,,,,
photo booth hobart,1,99,99,99,99,99,99,99,99,50,11,1.99,commercial,https://www.adeptphotobooths.com.au/hobart-photo-booth-hire/,,,,,,,,
photo booth to hire,31,2,7,13,11,99,99,99,99,50,32,1.28,informational,https://www.adeptphotobooths.com.au/mandurah/,https://shutterphotobooth.com.au/,https://photoboothhiremelbourne.com.au/,https://lavishphotobooths.com.au/,https://cheapestphotobooth.melbourne/,,,,
photo booths hire,28,2,12,4,15,99,99,99,99,50,37,1.28,commercial,https://www.adeptphotobooths.com.au/mandurah/,https://shutterphotobooth.com.au/,https://photoboothhiremelbourne.com.au/,https://lavishphotobooths.com.au/,https://cheapestphotobooth.melbourne/,,,,
photo booths perth,6,99,99,99,99,99,99,99,99,50,32,0.91,commercial,https://www.adeptphotobooths.com.au/,,,,,,,,
photo mirror for weddings,7,99,93,99,99,99,99,99,99,50,4,0,informational,https://www.adeptphotobooths.com.au/mirror-booth/,,https://photoboothhiremelbourne.com.au/wedding-photo-booth-hire/,,,,,,
photobooth for weddings,4,15,43,41,92,99,99,99,99,50,20,1.3,commercial,https://www.adeptphotobooths.com.au/weddings/,https://shutterphotobooth.com.au/,https://photoboothhiremelbourne.com.au/photo-booth-hire-yarra-valley/,https://lavishphotobooths.com.au/,https://cheapestphotobooth.melbourne/,,,,
photobooth melbourne hire,17,1,2,4,9,99,99,99,99,50,39,1.52,commercial,https://www.adeptphotobooths.com.au/melbourne/,https://shutterphotobooth.com.au/,https://photoboothhiremelbourne.com.au/,https://lavishphotobooths.com.au/,https://cheapestphotobooth.melbourne/,,,,
photobooth photos,26,6,37,46,82,99,99,99,99,50,28,0,informational,https://www.adeptphotobooths.com.au/,https://shutterphotobooth.com.au/,https://photoboothhiremelbourne.com.au/,https://lavishphotobooths.com.au/,https://cheapestphotobooth.melbourne/,,,,
photography booths,6,13,28,8,92,99,99,99,99,50,34,1.09,informational,https://www.adeptphotobooths.com.au/packages/,https://shutterphotobooth.com.au/,https://photoboothhiremelbourne.com.au/,https://lavishphotobooths.com.au/,https://cheapestphotobooth.melbourne/,,,,
picture booth online,10,99,99,99,99,99,99,99,99,50,39,0.93,informational,https://www.adeptphotobooths.com.au/virtual-photo-booth-hire/,,,,,,,,
spinning photo booth,4,60,99,99,99,99,99,99,99,50,9,1.12,informational,https://www.adeptphotobooths.com.au/360-photo-booth/,https://shutterphotobooth.com.au/,,,https://cheapestphotobooth.melbourne/,,,,
360 camera photo booth,4,99,99,99,99,99,99,99,99,40,8,0.94,informational,https://www.adeptphotobooths.com.au/360-photo-booth/,,,,,,,,
360 photo booth adelaide,10,99,99,99,99,99,99,99,99,40,1,1.23,informational,https://www.adeptphotobooths.com.au/photo-booth-hire-adelaide/,,,,,,,,
backdrops for photo booth,17,9,84,10,99,99,99,99,99,40,3,1.08,"informational, transactional",https://www.adeptphotobooths.com.au/backdrops/,https://shutterphotobooth.com.au/photo-booth-backdrops/,https://photoboothhiremelbourne.com.au/extras/,https://lavishphotobooths.com.au/additions/,,,,,
cheap photo booth hire melbourne,51,11,5,19,1,99,99,99,99,40,27,1.16,commercial,https://www.adeptphotobooths.com.au/roaming-photo-booth/,https://shutterphotobooth.com.au/,https://photoboothhiremelbourne.com.au/,https://lavishphotobooths.com.au/,https://cheapestphotobooth.melbourne/,,,,
cheap photobooth hire,99,33,36,66,2,99,99,99,99,40,15,1.03,commercial,,https://shutterphotobooth.com.au/,https://photoboothhiremelbourne.com.au/,https://lavishphotobooths.com.au/,https://cheapestphotobooth.melbourne/,,,,
cheapest photobooth melbourne,67,21,29,28,1,99,99,99,99,40,6,1.04,commercial,https://www.adeptphotobooths.com.au/roaming-photo-booth/,https://shutterphotobooth.com.au/,https://photoboothhiremelbourne.com.au/,https://lavishphotobooths.com.au/,https://cheapestphotobooth.melbourne/,,,,
christmas photo booth ideas,7,99,99,99,99,99,99,99,99,40,10,0,informational,https://www.adeptphotobooths.com.au/ways-to-lift-your-christmas-photo-booth-experience/,,,,,,,,
glamorous bot,1,99,99,99,99,99,99,99,99,40,14,0,commercial,https://www.adeptphotobooths.com.au/glambot/,,,,,,,,
hire photo booth melbourne,21,1,3,4,11,99,99,99,99,40,33,1.22,commercial,https://www.adeptphotobooths.com.au/roaming-photo-booth/,https://shutterphotobooth.com.au/,https://photoboothhiremelbourne.com.au/,https://lavishphotobooths.com.au/,https://cheapestphotobooth.melbourne/,,,,
hire photo booth perth,8,99,99,99,99,99,99,99,99,40,32,0.94,commercial,https://www.adeptphotobooths.com.au/,,,,,,,,
home photo booth,74,5,6,99,99,99,99,99,99,40,28,0.71,informational,https://www.adeptphotobooths.com.au/,https://shutterphotobooth.com.au/,https://photoboothhiremelbourne.com.au/,,,,,,
ideas for green screen videos,3,99,99,99,99,99,99,99,99,40,39,0,informational,https://www.adeptphotobooths.com.au/best-green-screen-ideas/,,,,,,,,
internet photo booth,5,99,99,99,99,99,99,99,99,40,13,0.93,informational,https://www.adeptphotobooths.com.au/virtual-photo-booth-hire/,,,,,,,,
kardashian photo booth,8,30,99,99,99,99,99,99,99,40,6,0.98,informational,https://www.adeptphotobooths.com.au/glam-booth/,https://shutterphotobooth.com.au/glam-booth/,,,,,,,
melbourne cup office ideas,6,99,99,99,99,99,99,99,99,40,6,0,informational,https://www.adeptphotobooths.com.au/hosting-an-office-function-for-the-melbourne-cup/,,,,,,,,
photo booth photo,9,21,80,46,99,99,99,99,99,40,25,1.76,informational,https://www.adeptphotobooths.com.au/,https://shutterphotobooth.com.au/,https://photoboothhiremelbourne.com.au/photo-booth-hire-mornington-peninsula/,https://lavishphotobooths.com.au/,,,,,
photo booth rental melbourne,14,1,2,4,9,99,99,99,99,40,40,1.2,commercial,https://www.adeptphotobooths.com.au/roaming-photo-booth/,https://shutterphotobooth.com.au/,https://photoboothhiremelbourne.com.au/,https://lavishphotobooths.com.au/,https://cheapestphotobooth.melbourne/,,,,
photo booths for rent,18,2,3,16,17,99,99,99,99,40,30,1.07,informational,https://www.adeptphotobooths.com.au/corporate/,https://shutterphotobooth.com.au/,https://photoboothhiremelbourne.com.au/,https://lavishphotobooths.com.au/,https://cheapestphotobooth.melbourne/,,,,
photo booths hire melbourne,19,1,3,2,12,99,99,99,99,40,33,1.22,commercial,https://www.adeptphotobooths.com.au/roaming-photo-booth/,https://shutterphotobooth.com.au/,https://photoboothhiremelbourne.com.au/,https://lavishphotobooths.com.au/,https://cheapestphotobooth.melbourne/,,,,
photo booths to hire,39,1,5,7,11,99,99,99,99,40,32,1.07,informational,https://www.adeptphotobooths.com.au/melbourne/,https://shutterphotobooth.com.au/,https://photoboothhiremelbourne.com.au/,https://lavishphotobooths.com.au/,https://cheapestphotobooth.melbourne/,,,,
photo morphing,10,99,99,99,99,99,99,99,99,40,32,0,commercial,https://www.adeptphotobooths.com.au/face-morphing/,,,,,,,,
photo of booth,14,9,58,16,99,99,99,99,99,40,35,0.95,"commercial, informational",https://www.adeptphotobooths.com.au/roaming-photo-booth/,https://shutterphotobooth.com.au/,https://photoboothhiremelbourne.com.au/the-photo-booths/,https://lavishphotobooths.com.au/,,,,,
photobooth camera,8,38,99,99,99,99,99,99,99,40,28,0.69,commercial,https://www.adeptphotobooths.com.au/360-photo-booth/,https://shutterphotobooth.com.au/,,,,,,,
photobooth rental,85,2,5,7,12,99,99,99,99,40,39,1.07,informational,https://www.adeptphotobooths.com.au/,https://shutterphotobooth.com.au/,https://photoboothhiremelbourne.com.au/,https://lavishphotobooths.com.au/,https://cheapestphotobooth.melbourne/,,,,
photography booth,5,12,40,14,99,99,99,99,99,40,37,1.09,informational,https://www.adeptphotobooths.com.au/roaming-photo-booth/,https://shutterphotobooth.com.au/,https://photoboothhiremelbourne.com.au/,https://lavishphotobooths.com.au/,,,,,
rotating photo booth,4,75,99,99,99,99,99,99,99,40,6,1.27,informational,https://www.adeptphotobooths.com.au/360-photo-booth/,https://shutterphotobooth.com.au/,,,,,,,
shutterbooth,99,1,99,99,99,99,99,99,99,40,35,0,navigational,,https://shutterphotobooth.com.au/,,,,,,,
video booth,3,85,99,99,99,99,99,99,99,40,4,1.5,informational,https://www.adeptphotobooths.com.au/video-booth-experiences/,https://shutterphotobooth.com.au/,,,,,,,
vintage photobooth,9,99,99,99,99,99,99,99,99,40,3,0.91,informational,https://www.adeptphotobooths.com.au/vintage-photo-booth/,,,,,,,,
360 booths,7,99,99,70,99,99,99,99,99,30,17,1.13,informational,https://www.adeptphotobooths.com.au/360-photo-booth/,,,https://lavishphotobooths.com.au/magic-360-booth/,,,,,
360 photo booth hire perth,2,99,99,99,99,99,99,99,99,30,11,0.71,informational,https://www.adeptphotobooths.com.au/360-photo-booth/,,,,,,,,
360 photo booth perth,1,99,99,99,99,99,99,99,99,30,11,1.03,informational,https://www.adeptphotobooths.com.au/360-photo-booth/,,,,,,,,
3d photo booth,2,99,99,99,99,99,99,99,99,30,10,0.99,informational,https://www.adeptphotobooths.com.au/360-photo-booth/,,,,,,,,
black and white photo booth,4,2,99,99,99,99,99,99,99,30,0,1.03,informational,https://www.adeptphotobooths.com.au/glam-booth/,https://shutterphotobooth.com.au/glam-booth/,,,,,,,
cheap photo booth melbourne,89,6,11,17,3,99,99,99,99,30,33,1.04,commercial,https://www.adeptphotobooths.com.au/roaming-photo-booth/,https://shutterphotobooth.com.au/,https://photoboothhiremelbourne.com.au/,https://lavishphotobooths.com.au/,https://cheapestphotobooth.melbourne/,,,,
corporate photo booth,3,39,12,82,99,99,99,99,99,30,4,1.22,informational,https://www.adeptphotobooths.com.au/corporate/,https://shutterphotobooth.com.au/,https://photoboothhiremelbourne.com.au/corporate/,https://lavishphotobooths.com.au/,,,,,
digital photo booth,10,18,3,9,16,99,99,99,99,30,4,1.23,informational,https://www.adeptphotobooths.com.au/virtual-photo-booth-hire/,https://shutterphotobooth.com.au/,https://photoboothhiremelbourne.com.au/the-photo-booths/,https://lavishphotobooths.com.au/,https://cheapestphotobooth.melbourne/,,,,
event photo booth hire,7,2,10,21,99,99,99,99,99,30,19,1.37,informational,https://www.adeptphotobooths.com.au/corporate/,https://shutterphotobooth.com.au/,https://photoboothhiremelbourne.com.au/,https://lavishphotobooths.com.au/,,,,,
geelong photo booth hire,1,99,7,92,99,99,99,99,99,30,3,1.03,informational,https://www.adeptphotobooths.com.au/geelong/,,https://photoboothhiremelbourne.com.au/photo-booth-hire-geelong/,https://lavishphotobooths.com.au/,,,,,
gif booth,6,1,9,99,99,99,99,99,99,30,9,0.79,informational,https://www.adeptphotobooths.com.au/gif-booths/,https://shutterphotobooth.com.au/gif-photobooth/,https://photoboothhiremelbourne.com.au/the-photo-booths/,,,,,,
green screen photo booth,5,99,99,99,99,99,99,99,99,30,6,0.87,informational,https://www.adeptphotobooths.com.au/green-screen-photo-booths/,,,,,,,,
hire 360 photo booth,1,35,81,75,99,99,99,99,99,30,13,1.11,informational,https://www.adeptphotobooths.com.au/360-photo-booth/,https://shutterphotobooth.com.au/,https://photoboothhiremelbourne.com.au/,https://lavishphotobooths.com.au/,,,,,
hire a photobooth,56,2,6,14,15,99,99,99,99,30,35,1.02,informational,https://www.adeptphotobooths.com.au/geelong/,https://shutterphotobooth.com.au/,https://photoboothhiremelbourne.com.au/,https://lavishphotobooths.com.au/,https://cheapestphotobooth.melbourne/,,,,
inexpensive photo booth,99,99,99,99,1,99,99,99,99,30,23,1.08,informational,,,,,https://cheapestphotobooth.melbourne/,,,,
low cost photo booth,99,25,99,39,1,99,99,99,99,30,6,1.08,commercial,,https://shutterphotobooth.com.au/,,https://lavishphotobooths.com.au/,https://cheapestphotobooth.melbourne/,,,,
melbourne 360 photo booth,2,15,33,40,99,99,99,99,99,30,10,1.66,commercial,https://www.adeptphotobooths.com.au/360-photo-booth/,https://shutterphotobooth.com.au/,https://photoboothhiremelbourne.com.au/,https://lavishphotobooths.com.au/,,,,,
melbourne photo booths,16,2,3,1,24,99,99,99,99,30,26,1.3,commercial,https://www.adeptphotobooths.com.au/roaming-photo-booth/,https://shutterphotobooth.com.au/,https://photoboothhiremelbourne.com.au/,https://lavishphotobooths.com.au/,https://cheapestphotobooth.melbourne/,,,,
mobile photo booth,4,61,43,22,28,99,99,99,99,30,12,0.9,informational,https://www.adeptphotobooths.com.au/roaming-photo-booth/,https://shutterphotobooth.com.au/,https://photoboothhiremelbourne.com.au/the-photo-booths/,https://lavishphotobooths.com.au/,https://cheapestphotobooth.melbourne/,,,,
party hire photo booth,74,8,13,53,29,99,99,99,99,30,3,0.98,informational,https://www.adeptphotobooths.com.au/melbourne/,https://shutterphotobooth.com.au/,https://photoboothhiremelbourne.com.au/,https://lavishphotobooths.com.au/,https://cheapestphotobooth.melbourne/,,,,
perth photobooth,6,99,99,99,99,99,99,99,99,30,30,0.91,commercial,https://www.adeptphotobooths.com.au/,,,,,,,,
perth photobooth hire,9,99,99,99,99,99,99,99,99,30,32,0.94,commercial,https://www.adeptphotobooths.com.au/,,,,,,,,
photbooth,23,6,22,15,99,99,99,99,99,30,33,0.95,commercial,https://www.adeptphotobooths.com.au/roaming-photo-booth/,https://shutterphotobooth.com.au/,https://photoboothhiremelbourne.com.au/,https://lavishphotobooths.com.au/,,,,,
photo booth 360,4,91,99,84,99,99,99,99,99,30,8,1.07,informational,https://www.adeptphotobooths.com.au/360-photo-booth/,https://shutterphotobooth.com.au/,,https://lavishphotobooths.com.au/magic-360-booth/,,,,,
photo booth back drop,16,9,76,8,99,99,99,99,99,30,2,1.05,commercial,https://www.adeptphotobooths.com.au/backdrops/,https://shutterphotobooth.com.au/photo-booth-backdrops/,https://photoboothhiremelbourne.com.au/,https://lavishphotobooths.com.au/additions/,,,,,
photo booth backgrounds,13,10,85,8,99,99,99,99,99,30,3,1.11,informational,https://www.adeptphotobooths.com.au/backdrops/,https://shutterphotobooth.com.au/photo-booth-backdrops/,https://photoboothhiremelbourne.com.au/extras/,https://lavishphotobooths.com.au/additions/,,,,,
photo booth event,15,8,14,99,99,99,99,99,99,30,28,1.51,informational,https://www.adeptphotobooths.com.au/,https://shutterphotobooth.com.au/,https://photoboothhiremelbourne.com.au/,,,,,,
photo booth for events,9,8,16,60,99,99,99,99,99,30,26,1.25,informational,https://www.adeptphotobooths.com.au/roaming-photo-booth/,https://shutterphotobooth.com.au/,https://photoboothhiremelbourne.com.au/,https://lavishphotobooths.com.au/,,,,,
photo booth for hire melbourne,19,1,3,4,11,99,99,99,99,30,32,1.22,commercial,https://www.adeptphotobooths.com.au/roaming-photo-booth/,https://shutterphotobooth.com.au/,https://photoboothhiremelbourne.com.au/,https://lavishphotobooths.com.au/,https://cheapestphotobooth.melbourne/,,,,
photo booth geelong,1,99,8,99,99,99,99,99,99,30,3,1.25,commercial,https://www.adeptphotobooths.com.au/geelong/,,https://photoboothhiremelbourne.com.au/photo-booth-hire-geelong/,,,,,,
photo booth hire hobart,1,99,99,99,99,99,99,99,99,30,8,0.83,commercial,https://www.adeptphotobooths.com.au/hobart-photo-booth-hire/,,,,,,,,
photo booth hire melbourne cost,40,5,15,59,2,99,99,99,99,30,4,0.95,commercial,https://www.adeptphotobooths.com.au/melbourne/,https://shutterphotobooth.com.au/,https://photoboothhiremelbourne.com.au/,https://lavishphotobooths.com.au/,https://cheapestphotobooth.melbourne/,,,,
photo booth packages,23,99,99,4,67,99,99,99,99,30,0,1.04,informational,https://www.adeptphotobooths.com.au/packages/,,,https://lavishphotobooths.com.au/packages/,https://cheapestphotobooth.melbourne/,,,,
photo booth perth hire,8,68,99,90,99,99,99,99,99,30,31,0.85,commercial,https://www.adeptphotobooths.com.au/,https://shutterphotobooth.com.au/,,https://lavishphotobooths.com.au/,,,,,
photo booth rentals,49,3,4,99,19,99,99,99,99,30,33,1.07,informational,https://www.adeptphotobooths.com.au/things-to-consider-before-hiring-a-photo-booth/,https://shutterphotobooth.com.au/,https://photoboothhiremelbourne.com.au/,,https://cheapestphotobooth.melbourne/,,,,
photo booths for weddings,7,13,41,8,99,99,99,99,99,30,18,1.11,commercial,https://www.adeptphotobooths.com.au/weddings/,https://shutterphotobooth.com.au/,https://photoboothhiremelbourne.com.au/,https://lavishphotobooths.com.au/weddings/,,,,,
photo booths in melbourne,20,1,4,2,11,99,99,99,99,30,25,1.22,commercial,https://www.adeptphotobooths.com.au/roaming-photo-booth/,https://shutterphotobooth.com.au/,https://photoboothhiremelbourne.com.au/,https://lavishphotobooths.com.au/,https://cheapestphotobooth.melbourne/,,,,
photobooth wedding hire,52,2,20,13,74,99,99,99,99,30,22,1.13,informational,https://www.adeptphotobooths.com.au/,https://shutterphotobooth.com.au/,https://photoboothhiremelbourne.com.au/,https://lavishphotobooths.com.au/,https://cheapestphotobooth.melbourne/,,,,
photos booth,10,8,24,13,99,99,99,99,99,30,39,0.95,informational,https://www.adeptphotobooths.com.au/hobart-photo-booth-hire/,https://shutterphotobooth.com.au/,https://photoboothhiremelbourne.com.au/,https://lavishphotobooths.com.au/,,,,,
picture booth for wedding,6,17,72,18,99,99,99,99,99,30,22,1.11,"commercial, informational",https://www.adeptphotobooths.com.au/weddings/,https://shutterphotobooth.com.au/,https://photoboothhiremelbourne.com.au/photo-booth-hire-yarra-valley/,https://lavishphotobooths.com.au/,,,,,
rent photo booth,29,2,4,23,10,99,99,99,99,30,36,1.07,informational,https://www.adeptphotobooths.com.au/roaming-photo-booth/,https://shutterphotobooth.com.au/,https://photoboothhiremelbourne.com.au/,https://lavishphotobooths.com.au/,https://cheapestphotobooth.melbourne/,,,,
rental picture booth,82,1,3,25,6,99,99,99,99,30,31,1.07,commercial,https://www.adeptphotobooths.com.au/corporate/,https://shutterphotobooth.com.au/,https://photoboothhiremelbourne.com.au/,https://lavishphotobooths.com.au/the-booth-breakdown-choosing-the-right-photo-booth-for-your-event/,https://cheapestphotobooth.melbourne/,,,,
retro photo booth,76,99,59,8,99,99,99,99,99,30,0,1.01,"informational, transactional",https://www.adeptphotobooths.com.au/vintage-photo-booth/,,https://photoboothhiremelbourne.com.au/the-photo-booths/,https://lavishphotobooths.com.au/retro-booth/,,,,,
roaming photo booth,2,99,91,13,99,99,99,99,99,30,0,1.38,informational,https://www.adeptphotobooths.com.au/roaming-photo-booth/,,https://photoboothhiremelbourne.com.au/the-photo-booths/,https://lavishphotobooths.com.au/roaming-booth/,,,,,
wedding photo booth melbourne,25,4,20,3,99,99,99,99,99,30,29,1.36,commercial,https://www.adeptphotobooths.com.au/glam-booth/,https://shutterphotobooth.com.au/,https://photoboothhiremelbourne.com.au/wedding-photo-booth-hire/,https://lavishphotobooths.com.au/,,,,,
wedding photobooth hire,8,2,19,14,99,99,99,99,99,30,17,1.13,informational,https://www.adeptphotobooths.com.au/weddings/,https://shutterphotobooth.com.au/,https://photoboothhiremelbourne.com.au/wedding-photo-booth-hire/,https://lavishphotobooths.com.au/,,,,,
daisy photo booth,99,99,99,99,99,56,1,99,99,70,35,2.61,navigational,,,,,,https://www.bigdaylittlebooth.com.au/,https://daisysphotobooth.com.au/,,
magic mirror photo booth,99,99,99,99,99,99,99,99,5,70,0,1.06,informational,,,,,,,,,https://www.snaptimephotobooths.com.au/magic-mirror-hire
pixelbooth,99,99,99,99,99,99,99,1,99,70,24,1.54,"navigational, transactional",,,,,,,,https://pixelbooth.com.au/,
magic photo booth mirror,99,99,99,99,99,99,99,99,6,40,0,1.25,informational,,,,,,,,,https://www.snaptimephotobooths.com.au/magic-mirror-hire
photo booth ideas for 50th birthday,99,99,99,99,99,99,7,99,99,40,9,0,informational,,,,,,,https://daisysphotobooth.com.au/blog/some-ripper-birthday-photobooth-ideas-for-your-man-at-50/,,
audio guest book melbourne,99,99,99,99,99,99,99,77,7,30,14,0.8,"informational, transactional",,,,,,,,https://pixelbooth.com.au/online-booking-form-pixel-booth,https://www.snaptimephotobooths.com.au/audio-guest-book-hire
daisy's photo booth,99,99,99,99,99,99,1,99,99,30,30,2.14,navigational,,,,,,,https://daisysphotobooth.com.au/,,
pixel booth,99,99,99,99,99,99,99,1,99,30,31,1.69,navigational,,,,,,,,https://pixelbooth.com.au/,
